vendor,description,category,date,amount
Metro #858,Fresh produce + pantry items Online,Groceries,2025-03-21,24.6
Farm Boy,Weekly  grocery run Online,Groceries,2025-08-01,70.53
Metro,"Milk,  Eggs,  Bread  London On Ref #3434",Groceries,2025-08-16,99.15
Whole Foods,Fresh produce + pantry items,Groceries,2025-05-23,114.22
No Frills,Snacks and staples Masonville receipt #3015,Groceries,2025-07-13,69.42
No Frills,"Milk,  eggs, bread Online",Groceries,2025-09-03,99.65
Metro #238,Fresh produce + pantry items Store #214,Groceries,2025-10-08,38.39
Metro #359,fresh produce + pantry items,Groceries,2025-01-27,24.1
No Frills,Weekly grocery run Masonville branch #6724,Groceries,2025-09-21,68.74
Farm Boy,Grocery Top-Up,Groceries,2025-01-25,105.48
FreshCo,"Milk, eggs, bread receipt #3439",Groceries,2025-05-25,91.17
Walmart,"Milk, eggs, bread invoice #4621",Groceries,2025-01-23,24.3
FreshCo #645,Weekly  grocery  run Store #214,Groceries,2025-09-27,60.44
Walmart,Weekly Grocery Run Downtown,Groceries,2025-05-01,19.75
Farm Boy,Snacks and staples receipt #7940,Groceries,2025-07-08,109.73
Food Basics #148,Fresh  produce + pantry items Richmond St txn #9981,Groceries,2025-05-08,21.62
Farm Boy,Fresh produce + pantry items,Groceries,2025-06-11,4.53
Loblaws,Weekly grocery run,Groceries,2025-10-08,131.51
Loblaws #229,Weekly grocery run Masonville,Groceries,2025-05-29,37.25
Farm Boy #175,grocery  top-up  student  #6315,Groceries,2025-06-22,31.24
Starbucks,Cold brew,Coffee,2025-03-08,114.16
Tim Hortons #464,Americano Store #214,Coffee,2025-04-10,28.88
Second Cup,Cold brew Downtown,Coffee,2025-03-29,81.81
Starbucks,Cold brew,Coffee,2025-03-09,6.21
Tim Hortons,Mocha ref #8854,Coffee,2025-03-08,21.89
Second Cup,Latte And Pastry Promo #4694,Coffee,2025-05-17,58.64
Tim Hortons,Cappuccino receipt #8538,Coffee,2025-06-21,11.22
Second Cup,Latte  and pastry Campus receipt #5506,Coffee,2025-10-10,119.76
Bridgehead,Cold brew London ON,Coffee,2025-10-05,123.8
Bridgehead #181,Latte And Pastry Masonville,Coffee,2025-01-27,80.0
Balzac's,Cold brew Downtown,Coffee,2025-06-20,103.96
Second Cup,Latte and pastry,Coffee,2025-09-11,44.34
Bridgehead,Cold  brew  branch  #1124,Coffee,2025-08-29,79.03
Coffee Culture,Cappuccino,Coffee,2025-01-20,70.23
Tim Hortons,cappuccino store #214 ref #3697,Coffee,2025-05-13,48.15
Starbucks,Cold brew Campus branch #2164,Coffee,2025-06-06,48.05
Tim Hortons #112,Mocha,Coffee,2025-08-01,130.11
Second Cup,mocha masonville,Coffee,2025-05-04,54.32
Tim Hortons #576,Mocha Downtown,Coffee,2025-09-10,94.39
Bridgehead,cold brew ref #3269,Coffee,2025-05-10,119.79
Toronto Hydro,Monthly Utility Bill Downtown,Utilities,2025-04-10,108.99
Toronto Hydro,Electricity usage Store #214,Utilities,2025-04-04,209.19
Hydro One,Monthly  utility  bill,Utilities,2025-05-24,158.98
Hydro One,gas service charge,Utilities,2025-05-25,163.45
London Hydro,Electric Bill For Apt London On,Utilities,2025-02-14,53.45
London Hydro #630,Electric  bill for apt receipt #6128,Utilities,2025-07-26,45.62
London Hydro,Electric bill for apt,Utilities,2025-07-16,75.25
Alectra Utilities,Electric Bill For Apt Downtown,Utilities,2025-04-24,15.93
Toronto Hydro #884,Gas service charge receipt #5623,Utilities,2025-02-15,154.83
Enbridge Gas,Monthly utility bill student #7206,Utilities,2025-08-22,89.39
London Hydro,Electric bill for apt Richmond St,Utilities,2025-04-17,151.45
Hydro One #361,Monthly utility bill Downtown,Utilities,2025-09-05,157.08
Alectra Utilities #358,Electricity  Usage  Receipt  #4060,Utilities,2025-03-09,169.89
Hydro One #200,electricity usage,Utilities,2025-05-02,49.66
Hydro One,Monthly utility bill,Utilities,2025-03-16,122.93
Toronto Hydro,Monthly Utility Bill Campus,Utilities,2025-09-24,125.23
Enbridge Gas,Gas service charge Masonville,Utilities,2025-05-22,154.58
Hydro One,Electric bill for apt,Utilities,2025-04-10,169.1
Alectra Utilities,Electricity usage Online order #7447,Utilities,2025-06-29,204.78
Hydro One,Electric bill for apt,Utilities,2025-09-09,116.72
GreenLeaf Properties #143,Rent  For  Unit  3B Richmond St,Rent,2025-09-28,1081.65
Dream Properties,Monthly Rent Payment Store #214,Rent,2025-06-06,1091.56
Dream Properties,Apartment Rent Masonville Branch #9667,Rent,2025-02-18,1535.85
Campus Rentals,Monthly Rent Payment Promo #4485,Rent,2025-04-05,1728.09
GreenLeaf Properties #191,Rent for unit 3B Store #214 receipt #4004,Rent,2025-02-24,850.38
Campus Rentals,apartment  rent,Rent,2025-06-25,944.8
Campus Rentals,monthly  rent payment richmond st,Rent,2025-01-27,1710.43
GreenLeaf Properties,Apartment rent receipt #3128,Rent,2025-09-23,1827.92
Campus Rentals,Rent for unit 3B Campus student #6685,Rent,2025-09-28,1465.11
Middlesex Property Mgmt #363,rent for unit 3b masonville,Rent,2025-05-17,1675.68
GreenLeaf Properties,Apartment Rent Online,Rent,2025-04-28,1099.08
Woodland Apartments,Apartment rent invoice #3401,Rent,2025-04-13,855.47
Campus Rentals #370,Rent  for  unit  3B,Rent,2025-10-08,1521.89
Dream Properties,Apartment rent Campus order #2740,Rent,2025-08-13,1683.24
Middlesex Property Mgmt,Rent for unit 3B ref #8736,Rent,2025-04-24,1732.82
GreenLeaf Properties,Rent  for unit 3B,Rent,2025-08-03,1559.6
Middlesex Property Mgmt,Apartment  rent Store #214 promo #7275,Rent,2025-07-17,1132.54
Middlesex Property Mgmt #573,Apartment rent,Rent,2025-01-24,1322.53
Woodland Apartments,Monthly Rent Payment,Rent,2025-04-14,1227.12
Middlesex Property Mgmt,Monthly rent payment Online,Rent,2025-02-17,1021.04
Fido Home #763,monthly internet bill richmond st,Internet,2025-02-26,112.3
Virgin Plus #316,Internet plan charge receipt #3977,Internet,2025-06-01,42.74
Fido Home,Monthly internet bill Online branch #2122,Internet,2025-08-28,47.92
Fido Home,Internet  plan charge,Internet,2025-08-12,94.97
TekSavvy #167,monthly internet bill campus,Internet,2025-03-21,17.72
Bell #376,Monthly internet bill Online,Internet,2025-04-21,77.6
Start.ca,Internet  plan  charge,Internet,2025-04-05,51.37
Start.ca,Modem rental fee Downtown ref #1853,Internet,2025-01-18,127.69
Fido Home,Modem rental fee Store #214,Internet,2025-06-14,201.53
Bell #532,monthly internet bill,Internet,2025-03-25,57.97
Virgin Plus,Internet plan charge Campus,Internet,2025-04-18,66.11
Fido Home,Modem Rental Fee Receipt #7070,Internet,2025-09-02,164.62
Virgin Plus,Monthly internet bill,Internet,2025-02-18,119.84
Virgin Plus #255,modem rental fee promo #3510,Internet,2025-01-18,174.6
Start.ca,Modem rental fee,Internet,2025-08-06,63.52
Rogers #886,monthly internet bill,Internet,2025-05-02,45.18
Virgin Plus,Internet  plan charge,Internet,2025-09-18,191.01
Virgin Plus,Monthly internet bill,Internet,2025-05-14,15.91
Start.ca #641,Modem Rental Fee London On Student #2416,Internet,2025-01-15,17.03
Rogers,monthly internet bill student #1638,Internet,2025-01-24,78.8
Telus Mobility,Mobile  plan  payment  branch #1673,Phone,2025-02-15,122.6
Telus Mobility,Mobile  plan  payment order #6578,Phone,2025-04-08,89.16
Bell Mobility,Device  Financing,Phone,2025-06-04,200.06
Telus Mobility #762,Mobile  plan payment Store #214,Phone,2025-04-08,18.91
Freedom Mobile #273,Data overage fee Online,Phone,2025-07-03,45.7
Bell Mobility #856,Data overage fee,Phone,2025-07-16,189.76
Rogers Wireless #412,Mobile  Plan  Payment,Phone,2025-05-12,201.93
Koodo Mobile #201,Data overage fee London ON order #2771,Phone,2025-06-14,186.42
Bell Mobility,mobile plan payment,Phone,2025-03-04,138.14
Koodo Mobile,Mobile plan payment Masonville ref #5750,Phone,2025-05-14,82.91
Telus Mobility,Data  overage  fee  Masonville receipt #4282,Phone,2025-07-29,63.04
Rogers Wireless,Mobile plan payment txn #7538,Phone,2025-03-09,121.91
Rogers Wireless,Mobile plan payment,Phone,2025-07-12,59.67
Rogers Wireless,Mobile  Plan  Payment  London On,Phone,2025-09-29,115.47
Freedom Mobile #627,Mobile  plan payment Downtown,Phone,2025-03-07,38.27
Bell Mobility #568,Device  financing  Masonville,Phone,2025-09-22,85.73
Koodo Mobile,Data  Overage  Fee Online,Phone,2025-06-26,210.73
Rogers Wireless,Data overage fee,Phone,2025-02-10,141.81
Freedom Mobile,Mobile plan payment,Phone,2025-01-21,217.05
Rogers Wireless,Device financing Campus,Phone,2025-08-07,130.41
Dollarama #723,pens and notebooks receipt #9125,Office Supplies,2025-07-06,37.58
Amazon,Printer  Paper  (500Ct),Office Supplies,2025-09-07,101.61
Amazon,highlighters  +  sticky notes online,Office Supplies,2025-05-29,3.75
Walmart,Pens and notebooks promo #4715,Office Supplies,2025-07-11,40.76
Grand & Toy #568,pens and notebooks downtown,Office Supplies,2025-05-24,53.74
Dollarama,Desk organizer Downtown,Office Supplies,2025-06-12,89.58
Amazon,Desk Organizer Branch #8781,Office Supplies,2025-07-16,44.91
Walmart,Printer paper (500ct) Campus,Office Supplies,2025-01-28,50.77
Grand & Toy,Pens and notebooks ref #6644,Office Supplies,2025-01-31,85.93
Walmart #735,Printer  paper  (500ct) Richmond St promo #7479,Office Supplies,2025-02-25,29.94
Grand & Toy #797,Desk organizer London ON txn #4359,Office Supplies,2025-04-30,19.47
Walmart #129,printer  paper (500ct) txn #4658,Office Supplies,2025-07-08,51.94
Dollarama #597,Highlighters  + Sticky Notes,Office Supplies,2025-10-09,65.89
Dollarama,Desk  organizer  Richmond St,Office Supplies,2025-09-15,87.93
Grand & Toy,Printer Paper (500Ct) London On Branch #3038,Office Supplies,2025-04-21,49.03
Walmart,Highlighters + Sticky Notes,Office Supplies,2025-07-07,97.17
Dollarama #191,Desk  organizer,Office Supplies,2025-09-11,98.49
Amazon,Printer paper (500ct) invoice #9994,Office Supplies,2025-03-25,102.92
Dollarama #709,Printer  paper (500ct) Campus,Office Supplies,2025-03-21,135.89
Grand & Toy,Pens  and  notebooks  Campus,Office Supplies,2025-06-12,55.19
A&W,Lunch  combo  branch #6235,Dining,2025-09-16,57.06
Freshii,Student discount meal student #2462,Dining,2025-07-23,22.19
Chipotle #549,Student discount meal,Dining,2025-10-03,135.76
KFC,Lunch combo branch #5598,Dining,2025-03-25,84.83
A&W #842,meal deal promo #1814,Dining,2025-04-27,5.35
Subway,lunch combo,Dining,2025-07-03,75.61
Kinka Izakaya #779,meal  deal  campus  txn #3791,Dining,2025-03-18,128.93
A&W,Lunch combo Masonville promo #5078,Dining,2025-03-09,25.06
Freshii #820,Dinner With Friends London On,Dining,2025-06-23,17.99
A&W,Lunch combo,Dining,2025-04-18,22.67
Kinka Izakaya,takeout order richmond st,Dining,2025-08-11,115.64
Kinka Izakaya,Meal deal,Dining,2025-08-05,112.17
Chipotle,Lunch combo,Dining,2025-08-23,100.4
KFC #875,Takeout order London ON,Dining,2025-05-09,100.6
Kinka Izakaya,Meal deal Campus,Dining,2025-09-13,49.52
Kinka Izakaya,Takeout order Store #214,Dining,2025-04-16,36.14
Freshii #592,Student discount meal London ON order #2402,Dining,2025-08-18,57.57
Subway,Lunch combo,Dining,2025-01-16,48.22
KFC,Lunch combo invoice #5698,Dining,2025-01-25,7.63
KFC #858,Student Discount Meal Invoice #8215,Dining,2025-03-17,63.33
Lyft,Ride To Campus Invoice #9274,Transportation,2025-04-16,132.84
UP Express #446,Bus  pass  reload  Richmond St student #2191,Transportation,2025-03-02,16.22
Uber,Airport  ride  Richmond  St,Transportation,2025-04-11,128.47
VIA Rail,bus  pass  reload downtown branch #7618,Transportation,2025-05-05,58.18
Uber,Airport ride promo #4403,Transportation,2025-02-10,38.47
GO Transit #824,commute  to work receipt #8635,Transportation,2025-05-01,54.56
Lyft,Bus  pass reload Richmond St ref #3796,Transportation,2025-09-30,15.05
Uber,bus  pass reload,Transportation,2025-06-17,46.82
VIA Rail,airport ride,Transportation,2025-04-03,7.55
GO Transit,Ride to campus Online invoice #2337,Transportation,2025-04-26,106.41
Uber #655,Bus pass reload,Transportation,2025-05-23,7.6
UP Express #863,Commute to work promo #9625,Transportation,2025-04-22,110.79
GO Transit,Ride to campus,Transportation,2025-02-04,84.43
Lyft,Ride  to  campus London ON branch #8070,Transportation,2025-07-01,55.42
Uber,Commute To Work,Transportation,2025-07-02,102.7
GO Transit,ride to campus richmond st,Transportation,2025-07-24,73.51
London Transit #802,Commute  to  work  invoice #8569,Transportation,2025-09-28,12.91
UP Express #766,Airport ride ref #8666,Transportation,2025-02-08,132.31
London Transit #237,Ride to campus Richmond St invoice #3395,Transportation,2025-05-31,60.31
UP Express,bus pass reload richmond st,Transportation,2025-05-13,71.1
Costco Gas #157,Premium  gas  purchase  order #9341,Fuel,2025-02-26,108.56
Shell,Gas fill-up,Fuel,2025-08-16,54.28
Costco Gas,Premium gas purchase Downtown promo #5844,Fuel,2025-04-12,44.3
Shell #856,Gas fill-up Campus branch #6907,Fuel,2025-02-21,23.59
Petro-Canada,premium gas purchase,Fuel,2025-08-15,5.28
Petro-Canada #244,Fuel top-up,Fuel,2025-02-19,44.27
Costco Gas #885,Fuel top-up,Fuel,2025-01-25,86.57
Circle K,Gas fill-up branch #5537,Fuel,2025-01-24,110.95
Costco Gas,Gas  fill-up  Store #214,Fuel,2025-01-28,11.08
Costco Gas,Gas fill-up,Fuel,2025-07-28,105.04
Circle K,gas fill-up online student #1192,Fuel,2025-06-13,6.97
Petro-Canada,Premium  gas purchase Downtown,Fuel,2025-04-05,117.11
Costco Gas #106,Premium gas purchase,Fuel,2025-06-04,122.3
Shell,Premium Gas Purchase,Fuel,2025-04-14,85.48
Esso #248,Fuel  top-up Downtown branch #8644,Fuel,2025-01-13,83.7
Costco Gas,Premium gas purchase,Fuel,2025-08-21,30.19
Circle K,gas  fill-up  online,Fuel,2025-01-18,69.13
Petro-Canada #815,Fuel  top-up,Fuel,2025-03-09,101.51
Shell #164,Fuel top-up student #2207,Fuel,2025-09-07,59.51
Petro-Canada #407,Premium Gas Purchase Promo #4846,Fuel,2025-07-08,24.79
Shoppers Drug Mart,Personal Care Items,Pharmacy,2025-04-26,30.84
Shoppers Drug Mart,OTC medicine,Pharmacy,2025-06-15,11.94
Pharma Plus #607,OTC medicine,Pharmacy,2025-02-02,75.8
Rexall,OTC medicine txn #7646,Pharmacy,2025-03-14,84.81
Guardian Pharmacy,OTC medicine,Pharmacy,2025-06-27,47.54
Shoppers Drug Mart,Personal  care items,Pharmacy,2025-09-13,45.92
Rexall,Vitamins and essentials London ON,Pharmacy,2025-02-09,49.5
Shoppers Drug Mart #305,Vitamins and essentials Campus invoice #7004,Pharmacy,2025-08-21,92.65
Rexall,Vitamins and essentials ref #8582,Pharmacy,2025-02-03,107.94
Pharma Plus #146,Vitamins  and  essentials  Campus branch #1470,Pharmacy,2025-02-11,123.4
Guardian Pharmacy,Vitamins  And  Essentials,Pharmacy,2025-09-10,5.99
Pharma Plus,Personal care items txn #9539,Pharmacy,2025-05-29,49.76
Guardian Pharmacy,Vitamins And Essentials,Pharmacy,2025-01-31,127.62
Guardian Pharmacy #660,Personal Care Items,Pharmacy,2025-05-28,13.75
Rexall,Personal care items,Pharmacy,2025-08-04,71.99
Rexall #618,Vitamins And Essentials Store #214,Pharmacy,2025-01-19,48.95
Shoppers Drug Mart,Vitamins and essentials Store #214,Pharmacy,2025-05-13,14.05
Pharma Plus #653,otc medicine txn #2501,Pharmacy,2025-08-05,65.53
Pharma Plus,Personal care items,Pharmacy,2025-02-02,8.39
Shoppers Drug Mart,OTC medicine,Pharmacy,2025-02-15,122.22
Apple Services,Movie  Tickets  Online,Entertainment,2025-06-23,115.18
PlayStation Store,Game purchase receipt #2813,Entertainment,2025-04-16,24.27
Netflix,Game purchase Masonville promo #6813,Entertainment,2025-03-31,96.22
PlayStation Store,Subscription  Renewal Online,Entertainment,2025-08-20,25.63
Apple Services,Streaming  plan  order #3252,Entertainment,2025-03-16,81.13
Steam,streaming plan masonville txn #1330,Entertainment,2025-05-06,103.27
PlayStation Store #786,Streaming plan London ON,Entertainment,2025-07-28,131.93
Steam,game  purchase,Entertainment,2025-06-06,133.88
Spotify,Game  Purchase  Store #214 Ref #9530,Entertainment,2025-03-30,23.49
Apple Services,Streaming plan,Entertainment,2025-07-19,116.72
Spotify #769,Subscription  renewal  Campus invoice #6638,Entertainment,2025-06-24,60.74
Spotify,Game purchase receipt #9814,Entertainment,2025-10-06,107.82
Netflix #418,movie tickets online promo #9971,Entertainment,2025-06-30,66.91
Cineplex #401,Streaming plan,Entertainment,2025-08-30,138.75
PlayStation Store #560,Movie Tickets Campus,Entertainment,2025-04-11,136.05
PlayStation Store,Streaming plan receipt #6962,Entertainment,2025-09-02,68.36
PlayStation Store,Game purchase Online,Entertainment,2025-06-20,66.73
Apple Services,Streaming  plan Masonville,Entertainment,2025-09-04,87.6
Spotify,Movie  tickets branch #3295,Entertainment,2025-09-11,128.76
PlayStation Store,Movie tickets Campus ref #9624,Entertainment,2025-05-01,26.49
LA Fitness #451,Gym membership,Fitness,2025-03-02,154.28
Anytime Fitness #164,Gym membership Store #214,Fitness,2025-04-19,94.32
Planet Fitness,Monthly  dues,Fitness,2025-03-16,45.61
Planet Fitness #894,Gym  membership  Campus,Fitness,2025-04-24,202.02
Planet Fitness #591,Drop-in class London ON,Fitness,2025-02-09,122.18
LA Fitness #545,Drop-in  class  Campus  txn #9411,Fitness,2025-04-15,175.7
Anytime Fitness #892,Drop-In Class Invoice #2273,Fitness,2025-10-04,108.49
YMCA,drop-in class,Fitness,2025-05-29,210.42
GoodLife Fitness,Monthly dues Campus,Fitness,2025-02-20,74.45
GoodLife Fitness,Gym membership,Fitness,2025-02-17,79.43
GoodLife Fitness,Monthly  dues  Downtown order #4649,Fitness,2025-05-20,214.77
Anytime Fitness,Gym  Membership,Fitness,2025-04-21,129.12
YMCA,Drop-In Class Store #214,Fitness,2025-05-14,29.35
Anytime Fitness #399,Gym membership ref #7163,Fitness,2025-02-03,55.72
Planet Fitness #660,Drop-In Class,Fitness,2025-07-10,82.64
LA Fitness #398,gym  membership,Fitness,2025-09-27,97.52
YMCA #200,Monthly dues Downtown,Fitness,2025-10-04,134.86
Anytime Fitness,Monthly dues Masonville ref #1474,Fitness,2025-06-29,161.75
Anytime Fitness,drop-in class,Fitness,2025-05-05,20.68
Planet Fitness,Gym membership,Fitness,2025-03-25,17.08
RBC Insurance,Monthly  premium  Richmond  St,Insurance,2025-03-24,64.92
Intact Insurance,Policy payment Richmond St,Insurance,2025-02-22,162.53
RBC Insurance #441,Auto insurance branch #4562,Insurance,2025-02-25,18.08
Desjardins Insurance,Policy payment,Insurance,2025-08-13,132.86
TD Insurance,Auto Insurance Masonville,Insurance,2025-02-15,18.22
TD Insurance,Policy payment Store #214,Insurance,2025-03-08,27.59
TD Insurance,Auto  insurance Downtown promo #2160,Insurance,2025-02-09,61.43
Desjardins Insurance #609,Monthly premium Downtown ref #9485,Insurance,2025-08-09,202.88
Intact Insurance,Policy payment order #5553,Insurance,2025-03-14,79.88
TD Insurance,Policy  payment Campus invoice #1838,Insurance,2025-09-10,213.7
Intact Insurance,Auto  Insurance,Insurance,2025-01-16,42.78
Desjardins Insurance #820,Auto insurance Masonville,Insurance,2025-09-29,42.52
Desjardins Insurance,Monthly premium,Insurance,2025-10-04,194.5
RBC Insurance,Monthly Premium Downtown,Insurance,2025-09-15,161.55
Desjardins Insurance #679,policy payment online invoice #3068,Insurance,2025-02-19,94.43
Desjardins Insurance #589,Auto Insurance,Insurance,2025-07-25,178.31
Intact Insurance #419,Auto insurance Richmond St receipt #2051,Insurance,2025-03-23,186.95
RBC Insurance #124,Policy payment Store #214,Insurance,2025-08-06,46.36
Desjardins Insurance,Auto insurance,Insurance,2025-06-23,181.03
Desjardins Insurance,Auto Insurance Richmond St Student #6929,Insurance,2025-01-30,180.23
Porter Airlines,Flight booking Downtown,Travel,2025-02-07,581.8
VIA Rail,Flight Booking Richmond St Ref #6583,Travel,2025-09-05,464.06
VIA Rail #106,hotel deposit promo #5565,Travel,2025-09-12,459.95
Air Canada #661,Flight Booking,Travel,2025-02-28,567.59
Flair Airlines,Hotel deposit,Travel,2025-01-29,104.5
WestJet,Flight  Booking  Receipt #2511,Travel,2025-01-27,475.79
WestJet #140,flight  booking  branch  #1893,Travel,2025-02-28,288.22
Porter Airlines #258,Flight Booking London On Student #6305,Travel,2025-05-29,855.4
Air Canada #621,Baggage fee Richmond St,Travel,2025-08-20,790.73
Porter Airlines,Flight Booking Store #214,Travel,2025-02-13,566.12
VIA Rail,Baggage fee,Travel,2025-08-08,307.21
Flair Airlines,Flight booking,Travel,2025-03-29,226.1
Porter Airlines,Flight booking,Travel,2025-03-24,492.96
Expedia #572,Baggage  fee,Travel,2025-05-01,65.66
Porter Airlines,Flight booking txn #9406,Travel,2025-06-21,714.87
Porter Airlines,Train  ticket,Travel,2025-09-17,266.66
Expedia,hotel deposit,Travel,2025-06-25,464.31
VIA Rail,Baggage fee,Travel,2025-01-24,344.4
Expedia,Baggage fee Campus,Travel,2025-01-31,303.33
WestJet #199,Baggage Fee,Travel,2025-05-02,174.33
Memory Express,USB-C  cable,Electronics,2025-02-09,358.56
Apple Store,USB-C cable Richmond St,Electronics,2025-02-18,78.77
Canada Computers,Phone case Richmond St promo #6824,Electronics,2025-09-25,498.44
Apple Store,Headphones invoice #8658,Electronics,2025-09-25,222.33
Best Buy #541,usb-c cable online branch #9012,Electronics,2025-08-11,112.4
Memory Express #196,Laptop accessory invoice #2821,Electronics,2025-06-25,126.78
Apple Store,usb-c cable invoice #2634,Electronics,2025-05-22,338.73
Memory Express,Laptop accessory Downtown,Electronics,2025-09-14,378.94
Memory Express #775,headphones,Electronics,2025-06-19,341.67
Canada Computers #718,Headphones  branch  #9294,Electronics,2025-09-27,441.85
Canada Computers,USB-C  cable Campus,Electronics,2025-04-03,467.4
Best Buy,Headphones branch #8963,Electronics,2025-07-01,243.9
The Source,USB-C cable,Electronics,2025-04-29,224.95
Best Buy,Phone Case,Electronics,2025-06-02,104.38
Best Buy,USB-C cable txn #8655,Electronics,2025-07-26,116.33
Best Buy,headphones,Electronics,2025-04-13,253.24
Canada Computers #485,Headphones,Electronics,2025-05-20,163.56
Apple Store #869,Headphones receipt #9593,Electronics,2025-08-29,325.07
Memory Express,Headphones,Electronics,2025-07-27,223.04
The Source #290,Phone  case,Electronics,2025-02-20,371.76
Uniqlo #865,Seasonal jacket,Clothing,2025-02-04,250.41
Winners #840,seasonal jacket richmond st,Clothing,2025-07-05,12.46
Winners,seasonal jacket downtown promo #4486,Clothing,2025-06-13,326.98
Gap,Socks 3-pack,Clothing,2025-05-07,97.53
Uniqlo,Seasonal  jacket  Store #214 ref #5557,Clothing,2025-08-26,336.35
Uniqlo #444,Socks 3-pack promo #2795,Clothing,2025-01-29,165.3
Gap,Seasonal jacket branch #8161,Clothing,2025-09-21,276.92
Old Navy #791,Socks  3-pack  Richmond St,Clothing,2025-09-11,65.19
H&M,athleisure,Clothing,2025-03-21,208.76
Uniqlo,Seasonal jacket London ON,Clothing,2025-09-12,72.8
Uniqlo #173,Socks  3-pack ref #4814,Clothing,2025-09-01,138.06
Zara,Socks 3-pack student #3816,Clothing,2025-02-04,461.75
Zara #652,Seasonal jacket ref #5253,Clothing,2025-05-19,151.52
H&M,Socks 3-pack,Clothing,2025-06-14,328.87
H&M,T-shirt and jeans Richmond St,Clothing,2025-08-29,55.23
Old Navy,Seasonal jacket txn #1735,Clothing,2025-03-16,345.93
Gap,Athleisure,Clothing,2025-09-12,400.69
Old Navy #809,Socks 3-pack Richmond St receipt #1643,Clothing,2025-02-11,201.55
Uniqlo,Socks 3-pack Masonville,Clothing,2025-02-09,207.89
Winners,Socks 3-pack order #6756,Clothing,2025-02-28,312.5
Home Hardware,Light  bulbs  London  ON invoice #1428,Household,2025-09-18,249.49
Canadian Tire,Cleaning supplies Masonville txn #2576,Household,2025-06-05,44.43
Home Hardware,Kitchenware  Campus,Household,2025-03-26,365.43
Home Depot,Kitchenware  London ON,Household,2025-06-23,16.83
Home Hardware #759,home essentials txn #7482,Household,2025-07-30,59.79
IKEA,Light bulbs Campus,Household,2025-09-15,415.46
Bed Bath & Beyond,Cleaning  Supplies  Online  Ref #4286,Household,2025-03-07,219.75
IKEA,cleaning  supplies,Household,2025-01-31,119.94
Bed Bath & Beyond,Home essentials,Household,2025-08-07,397.99
Home Depot,Kitchenware London ON order #8854,Household,2025-03-05,435.58
Canadian Tire,Kitchenware  Richmond St,Household,2025-03-29,176.73
Home Depot #245,Home essentials promo #6038,Household,2025-07-22,56.92
Home Hardware,Light bulbs ref #7870,Household,2025-08-31,195.25
IKEA,Cleaning Supplies Online Order #5685,Household,2025-07-30,56.92
Home Hardware #761,Light  bulbs  Downtown,Household,2025-08-12,446.85
Canadian Tire,light bulbs downtown promo #3004,Household,2025-08-09,366.71
IKEA #856,Cleaning supplies branch #3545,Household,2025-03-10,470.88
IKEA,Cleaning supplies student #9097,Household,2025-06-16,494.36
Bed Bath & Beyond,Cleaning  supplies  txn  #6265,Household,2025-07-14,261.62
Home Hardware,Light bulbs,Household,2025-04-28,354.43
Green P Parking,all-day parking ref #3315,Parking,2025-01-29,113.94
Indigo Parking,Parking session,Parking,2025-05-31,127.49
City of London Parking,Evening Parking Downtown Txn #3805,Parking,2025-07-07,19.46
City of London Parking #822,parking session downtown,Parking,2025-05-20,17.44
Honkmobile #795,Parking Session Downtown Ref #6992,Parking,2025-01-13,95.45
City of London Parking,All-Day  Parking Campus Branch #7063,Parking,2025-10-04,91.89
Honkmobile,Evening parking branch #7739,Parking,2025-02-23,10.68
Indigo Parking,Evening Parking Campus Ref #1017,Parking,2025-02-05,16.4
City of London Parking,Evening parking Campus,Parking,2025-09-02,82.9
Green P Parking #106,Parking session Richmond St,Parking,2025-04-13,90.84
Green P Parking #140,evening  parking branch #9555,Parking,2025-08-01,78.53
Honkmobile,All-day parking branch #2464,Parking,2025-06-19,60.49
City of London Parking,All-day parking Store #214 invoice #6167,Parking,2025-07-15,62.47
Honkmobile,Evening Parking Masonville Invoice #9416,Parking,2025-09-12,44.74
Green P Parking,All-day parking,Parking,2025-05-31,5.57
Green P Parking #118,Parking Session Downtown Txn #7748,Parking,2025-08-07,42.26
Green P Parking,Evening parking,Parking,2025-03-09,139.12
Indigo Parking #226,all-day parking online,Parking,2025-06-19,46.36
Honkmobile,all-day parking downtown,Parking,2025-06-06,116.24
Indigo Parking,Evening  parking  order  #3631,Parking,2025-07-27,48.99
Udemy,textbook,Education,2025-08-29,111.52
Udemy,Exam fee,Education,2025-07-11,93.33
edX #295,course enrollment,Education,2025-06-23,92.9
edX #669,Exam fee,Education,2025-04-19,144.09
Udemy #160,textbook,Education,2025-07-25,37.33
Udemy,Cert prep student #3511,Education,2025-03-21,161.47
edX,Exam fee Online branch #8291,Education,2025-09-21,164.4
LinkedIn Learning,Course  enrollment  Masonville,Education,2025-02-03,165.25
LinkedIn Learning,Cert Prep London On,Education,2025-04-13,168.66
Western Bookstore #468,Course  enrollment,Education,2025-08-10,167.62
LinkedIn Learning,Course enrollment Campus txn #1226,Education,2025-05-03,174.26
edX #436,Cert  Prep  Online Student #9449,Education,2025-09-09,94.71
Udemy,Textbook  branch  #5828,Education,2025-06-12,176.12
Udemy #843,Cert  prep  Online,Education,2025-07-30,130.21
Western Bookstore,Course enrollment Masonville branch #6576,Education,2025-06-13,94.25
Udemy,Exam fee Campus invoice #8356,Education,2025-06-01,49.35
Udemy #247,cert  prep,Education,2025-08-18,109.52
LinkedIn Learning,Textbook Richmond St,Education,2025-03-23,145.74
Coursera,Exam  fee,Education,2025-05-01,209.66
LinkedIn Learning,textbook,Education,2025-08-10,145.48
